<application>
  <component name="ProjectJdkTable">
    <jdk version="2">
      <name value="Python 3.5 (candy)" />
      <type value="Python SDK" />
      <version value="Python 3.5.2" />
      <homePath value="$USER_HOME$/Desktop/candy/venv/bin/python" />
      <roots>
        <classPath>
          <root type="composite">
            <root url="file:///usr/lib/python3.5" type="simple" />
            <root url="file:///usr/lib/python3.5/plat-x86_64-linux-gnu" type="simple" />
            <root url="file:///usr/lib/python3.5/lib-dynload" type="simple" />
            <root url="file://$USER_HOME$/Desktop/candy/venv/lib/python3.5/site-packages" type="simple" />
            <root url="jar://$USER_HOME$/Desktop/candy/venv/lib/python3.5/site-packages/setuptools-39.1.0-py3.5.egg!/" type="simple" />
            <root url="file://$USER_HOME$/Desktop/candy/venv/lib/python3.5/site-packages/pip-10.0.1-py3.5.egg" type="simple" />
            <root url="file://$USER_HOME$/.PyCharmCE2018.3/system/python_stubs/39545488" type="simple" />
            <root url="file://$APPLICATION_HOME_DIR$/helpers/python-skeletons" type="simple" />
            <root url="file://$APPLICATION_HOME_DIR$/helpers/typeshed/stdlib/3" type="simple" />
            <root url="file://$APPLICATION_HOME_DIR$/helpers/typeshed/stdlib/2and3" type="simple" />
            <root url="file://$APPLICATION_HOME_DIR$/helpers/typeshed/third_party/3" type="simple" />
            <root url="file://$APPLICATION_HOME_DIR$/helpers/typeshed/third_party/2and3" type="simple" />
          </root>
        </classPath>
        <sourcePath>
          <root type="composite" />
        </sourcePath>
      </roots>
      <additional ASSOCIATED_PROJECT_PATH="$USER_HOME$/Desktop/candy" />
    </jdk>
    <jdk version="2">
      <name value="Python 3.5" />
      <type value="Python SDK" />
      <version value="Python 3.5.2" />
      <homePath value="/usr/bin/python3.5" />
      <roots>
        <classPath>
          <root type="composite">
            <root url="file:///usr/lib/python3.5" type="simple" />
            <root url="file:///usr/lib/python3.5/plat-x86_64-linux-gnu" type="simple" />
            <root url="file:///usr/lib/python3.5/lib-dynload" type="simple" />
            <root url="file://$USER_HOME$/.local/lib/python3.5/site-packages" type="simple" />
            <root url="file:///usr/local/lib/python3.5/dist-packages" type="simple" />
            <root url="jar:///usr/local/lib/python3.5/dist-packages/emoji-0.5.1-py3.5.egg!/" type="simple" />
            <root url="file:///usr/lib/python3/dist-packages" type="simple" />
            <root url="file://$USER_HOME$/.PyCharmCE2019.1/system/python_stubs/-1247971764" type="simple" />
            <root url="file://$APPLICATION_HOME_DIR$/helpers/python-skeletons" type="simple" />
            <root url="file://$APPLICATION_HOME_DIR$/helpers/typeshed/stdlib/3" type="simple" />
            <root url="file://$APPLICATION_HOME_DIR$/helpers/typeshed/stdlib/2and3" type="simple" />
            <root url="file://$APPLICATION_HOME_DIR$/helpers/typeshed/third_party/3" type="simple" />
            <root url="file://$APPLICATION_HOME_DIR$/helpers/typeshed/third_party/2and3" type="simple" />
          </root>
        </classPath>
        <sourcePath>
          <root type="composite" />
        </sourcePath>
      </roots>
      <additional />
    </jdk>
    <jdk version="2">
      <name value="Python 3.5 (rippleDemo)" />
      <type value="Python SDK" />
      <version value="Python 3.5.2" />
      <homePath value="$USER_HOME$/Desktop/gp/rippleDemo/venv/bin/python" />
      <roots>
        <classPath>
          <root type="composite">
            <root url="file:///usr/lib/python3.5" type="simple" />
            <root url="file:///usr/lib/python3.5/plat-x86_64-linux-gnu" type="simple" />
            <root url="file:///usr/lib/python3.5/lib-dynload" type="simple" />
            <root url="file://$USER_HOME$/Desktop/gp/rippleDemo/venv/lib/python3.5/site-packages" type="simple" />
            <root url="jar://$USER_HOME$/Desktop/gp/rippleDemo/venv/lib/python3.5/site-packages/setuptools-39.1.0-py3.5.egg!/" type="simple" />
            <root url="file://$USER_HOME$/Desktop/gp/rippleDemo/venv/lib/python3.5/site-packages/pip-10.0.1-py3.5.egg" type="simple" />
            <root url="file://$USER_HOME$/.PyCharmCE2018.3/system/python_stubs/-695720636" type="simple" />
            <root url="file://$APPLICATION_HOME_DIR$/helpers/python-skeletons" type="simple" />
            <root url="file://$APPLICATION_HOME_DIR$/helpers/typeshed/stdlib/3" type="simple" />
            <root url="file://$APPLICATION_HOME_DIR$/helpers/typeshed/stdlib/2and3" type="simple" />
            <root url="file://$APPLICATION_HOME_DIR$/helpers/typeshed/third_party/3" type="simple" />
            <root url="file://$APPLICATION_HOME_DIR$/helpers/typeshed/third_party/2and3" type="simple" />
          </root>
        </classPath>
        <sourcePath>
          <root type="composite" />
        </sourcePath>
      </roots>
      <additional ASSOCIATED_PROJECT_PATH="$USER_HOME$/Desktop/gp/rippleDemo" />
    </jdk>
    <jdk version="2">
      <name value="Python 3.5 (rippleDemo) (2)" />
      <type value="Python SDK" />
      <version value="Python 3.5.2" />
      <homePath value="$USER_HOME$/Desktop/gp/rippleDemo/venv/bin/python" />
      <roots>
        <classPath>
          <root type="composite">
            <root url="file:///usr/lib/python3.5" type="simple" />
            <root url="file:///usr/lib/python3.5/plat-x86_64-linux-gnu" type="simple" />
            <root url="file:///usr/lib/python3.5/lib-dynload" type="simple" />
            <root url="file://$USER_HOME$/Desktop/gp/rippleDemo/venv/lib/python3.5/site-packages" type="simple" />
            <root url="jar://$USER_HOME$/Desktop/gp/rippleDemo/venv/lib/python3.5/site-packages/setuptools-39.1.0-py3.5.egg!/" type="simple" />
            <root url="file://$USER_HOME$/Desktop/gp/rippleDemo/venv/lib/python3.5/site-packages/pip-10.0.1-py3.5.egg" type="simple" />
            <root url="file://$USER_HOME$/.PyCharmCE2018.3/system/python_stubs/-695720636" type="simple" />
            <root url="file://$APPLICATION_HOME_DIR$/helpers/python-skeletons" type="simple" />
            <root url="file://$APPLICATION_HOME_DIR$/helpers/typeshed/stdlib/3" type="simple" />
            <root url="file://$APPLICATION_HOME_DIR$/helpers/typeshed/stdlib/2and3" type="simple" />
            <root url="file://$APPLICATION_HOME_DIR$/helpers/typeshed/third_party/3" type="simple" />
            <root url="file://$APPLICATION_HOME_DIR$/helpers/typeshed/third_party/2and3" type="simple" />
          </root>
        </classPath>
        <sourcePath>
          <root type="composite" />
        </sourcePath>
      </roots>
      <additional ASSOCIATED_PROJECT_PATH="$USER_HOME$/Desktop/gp/rippleDemo" />
    </jdk>
    <jdk version="2">
      <name value="Python 3.5 (review)" />
      <type value="Python SDK" />
      <version value="Python 3.5.2" />
      <homePath value="$USER_HOME$/Desktop/review/venv/bin/python" />
      <roots>
        <classPath>
          <root type="composite">
            <root url="file://$USER_HOME$/Desktop/review/venv/lib/python3.5" type="simple" />
            <root url="file://$USER_HOME$/Desktop/review/venv/lib/python3.5/plat-x86_64-linux-gnu" type="simple" />
            <root url="file://$USER_HOME$/Desktop/review/venv/lib/python3.5/lib-dynload" type="simple" />
            <root url="file:///usr/lib/python3.5" type="simple" />
            <root url="file:///usr/lib/python3.5/plat-x86_64-linux-gnu" type="simple" />
            <root url="file://$USER_HOME$/Desktop/review/venv/lib/python3.5/site-packages" type="simple" />
            <root url="file://$USER_HOME$/Desktop/review/howdoi" type="simple" />
            <root url="file://$USER_HOME$/Desktop/review/tablib" type="simple" />
            <root url="file://$USER_HOME$/.PyCharmCE2018.3/system/python_stubs/-292914873" type="simple" />
            <root url="file://$APPLICATION_HOME_DIR$/helpers/python-skeletons" type="simple" />
            <root url="file://$APPLICATION_HOME_DIR$/helpers/typeshed/stdlib/3" type="simple" />
            <root url="file://$APPLICATION_HOME_DIR$/helpers/typeshed/stdlib/2and3" type="simple" />
            <root url="file://$APPLICATION_HOME_DIR$/helpers/typeshed/third_party/3" type="simple" />
            <root url="file://$APPLICATION_HOME_DIR$/helpers/typeshed/third_party/2and3" type="simple" />
          </root>
        </classPath>
        <sourcePath>
          <root type="composite" />
        </sourcePath>
      </roots>
      <additional ASSOCIATED_PROJECT_PATH="$USER_HOME$/Desktop/review" />
    </jdk>
  </component>
</application>