<keymap version="1" name="Visual Studio copy" parent="Visual Studio">
  <action id="ActivateProjectToolWindow">
    <keyboard-shortcut first-keystroke="alt 1" />
    <keyboard-shortcut first-keystroke="shift ctrl b" />
  </action>
  <action id="ActivateTerminalToolWindow">
    <keyboard-shortcut first-keystroke="ctrl period" />
  </action>
  <action id="AddToFavoritesPopup" />
  <action id="ChangesView.GroupBy.Directory" />
  <action id="CloseProject">
    <keyboard-shortcut first-keystroke="shift ctrl period" />
  </action>
  <action id="CodeCompletion">
    <keyboard-shortcut first-keystroke="ctrl i" />
  </action>
  <action id="CollapseSelection" />
  <action id="EditorBackSpace">
    <keyboard-shortcut first-keystroke="back_space" />
    <keyboard-shortcut first-keystroke="shift back_space" />
    <keyboard-shortcut first-keystroke="ctrl h" />
  </action>
  <action id="EditorChooseLookupItemDot" />
  <action id="EditorDecreaseFontSize">
    <keyboard-shortcut first-keystroke="ctrl minus" />
  </action>
  <action id="EditorDown">
    <keyboard-shortcut first-keystroke="ctrl n" />
  </action>
  <action id="EditorEnter">
    <keyboard-shortcut first-keystroke="enter" />
    <keyboard-shortcut first-keystroke="ctrl j" />
  </action>
  <action id="EditorIncreaseFontSize">
    <keyboard-shortcut first-keystroke="ctrl equals" />
  </action>
  <action id="EditorPageDownWithSelection">
    <keyboard-shortcut first-keystroke="shift page_down" />
    <keyboard-shortcut first-keystroke="shift ctrl down" />
  </action>
  <action id="EditorPageUpWithSelection">
    <keyboard-shortcut first-keystroke="shift page_up" />
    <keyboard-shortcut first-keystroke="shift ctrl up" />
  </action>
  <action id="EditorUp">
    <keyboard-shortcut first-keystroke="ctrl p" />
  </action>
  <action id="FileChooser.NewFolder">
    <keyboard-shortcut first-keystroke="alt insert" />
  </action>
  <action id="FileChooser.TogglePathShowing" />
  <action id="Find">
    <keyboard-shortcut first-keystroke="alt f3" />
  </action>
  <action id="Generate">
    <keyboard-shortcut first-keystroke="alt insert" />
  </action>
  <action id="GotoNextError" />
  <action id="InsertLiveTemplate" />
  <action id="Print" />
  <action id="RecentFiles" />
  <action id="ReformatCode">
    <keyboard-shortcut first-keystroke="alt f8" />
    <keyboard-shortcut first-keystroke="shift alt f" />
  </action>
  <action id="RenameElement">
    <keyboard-shortcut first-keystroke="f2" />
  </action>
  <action id="Replace" />
  <action id="SearchEverywhere.CompleteCommand" />
  <action id="TodoViewGroupByShowPackages" />
  <action id="ToggleFullScreen">
    <keyboard-shortcut first-keystroke="f12" />
  </action>
  <action id="Vcs.ShowMessageHistory">
    <keyboard-shortcut first-keystroke="ctrl m" />
  </action>
</keymap>